Postcode;Plaatsnaam;Deelgemeente;Hoofdgemeente;Provincie
2630;Aartselaar;Neen;AARTSELAAR;ANTWERPEN
2000;Antwerpen;Neen;ANTWERPEN;ANTWERPEN
2018;Antwerpen;Neen;ANTWERPEN;ANTWERPEN
2020;Antwerpen;Neen;ANTWERPEN;ANTWERPEN
2030;Antwerpen;Neen;ANTWERPEN;ANTWERPEN
2040;Antwerpen;Neen;ANTWERPEN;ANTWERPEN
2050;Antwerpen;Neen;ANTWERPEN;ANTWERPEN
2060;Antwerpen;Neen;ANTWERPEN;ANTWERPEN
2600;Berchem;Ja;ANTWERPEN;ANTWERPEN
2040;Berendrecht;Ja;ANTWERPEN;ANTWERPEN
2140;Borgerhout;Ja;ANTWERPEN;ANTWERPEN
2150;Borsbeek;Ja;ANTWERPEN;ANTWERPEN
2100;Deurne;Ja;ANTWERPEN;ANTWERPEN
2180;Ekeren;Ja;ANTWERPEN;ANTWERPEN
2660;Hoboken;Ja;ANTWERPEN;ANTWERPEN
2040;Lillo;Ja;ANTWERPEN;ANTWERPEN
2170;Merksem;Ja;ANTWERPEN;ANTWERPEN
2610;Wilrijk;Ja;ANTWERPEN;ANTWERPEN
2040;Zandvliet;Ja;ANTWERPEN;ANTWERPEN
2370;Arendonk;Neen;ARENDONK;ANTWERPEN
2387;Baarle-Hertog;Neen;BAARLE-HERTOG;ANTWERPEN
2490;Balen;Neen;BALEN;ANTWERPEN
2491;Olmen;Ja;BALEN;ANTWERPEN
2340;Beerse;Neen;BEERSE;ANTWERPEN
2340;Vlimmeren;Ja;BEERSE;ANTWERPEN
2590;Berlaar;Neen;BERLAAR;ANTWERPEN
2590;Gestel;Ja;BERLAAR;ANTWERPEN
2530;Boechout;Neen;BOECHOUT;ANTWERPEN
2531;Vremde;Ja;BOECHOUT;ANTWERPEN
2820;Bonheiden;Neen;BONHEIDEN;ANTWERPEN
2820;Rijmenam;Ja;BONHEIDEN;ANTWERPEN
2850;Boom;Neen;BOOM;ANTWERPEN
2880;Bornem;Neen;BORNEM;ANTWERPEN
2880;Hingene;Ja;BORNEM;ANTWERPEN
2880;Mariekerke;Ja;BORNEM;ANTWERPEN
2880;Weert;Ja;BORNEM;ANTWERPEN
2930;Brasschaat;Neen;BRASSCHAAT;ANTWERPEN
2960;Brecht;Neen;BRECHT;ANTWERPEN
2960;Sint-Job-in-'t-Goor;Ja;BRECHT;ANTWERPEN
2960;Sint-Lenaarts;Ja;BRECHT;ANTWERPEN
2480;Dessel;Neen;DESSEL;ANTWERPEN
2570;Duffel;Neen;DUFFEL;ANTWERPEN
2650;Edegem;Neen;EDEGEM;ANTWERPEN
2910;Essen;Neen;ESSEN;ANTWERPEN
2440;Geel;Neen;GEEL;ANTWERPEN
2288;Bouwel;Ja;GROBBENDONK;ANTWERPEN
2280;Grobbendonk;Neen;GROBBENDONK;ANTWERPEN
2221;Booischot;Ja;HEIST-OP-DEN-BERG;ANTWERPEN
2220;Hallaar;Ja;HEIST-OP-DEN-BERG;ANTWERPEN
2220;Heist-op-den-Berg;Neen;HEIST-OP-DEN-BERG;ANTWERPEN
2222;Itegem;Ja;HEIST-OP-DEN-BERG;ANTWERPEN
2223;Schriek;Ja;HEIST-OP-DEN-BERG;ANTWERPEN
2222;Wiekevorst;Ja;HEIST-OP-DEN-BERG;ANTWERPEN
2620;Hemiksem;Neen;HEMIKSEM;ANTWERPEN
2200;Herentals;Neen;HERENTALS;ANTWERPEN
2200;Morkhoven;Ja;HERENTALS;ANTWERPEN
2200;Noorderwijk;Ja;HERENTALS;ANTWERPEN
2270;Herenthout;Neen;HERENTHOUT;ANTWERPEN
2230;Herselt;Neen;HERSELT;ANTWERPEN
2230;Ramsel;Ja;HERSELT;ANTWERPEN
2320;Hoogstraten;Neen;HOOGSTRATEN;ANTWERPEN
2321;Meer;Ja;HOOGSTRATEN;ANTWERPEN
2328;Meerle;Ja;HOOGSTRATEN;ANTWERPEN
2322;Minderhout;Ja;HOOGSTRATEN;ANTWERPEN
2323;Wortel;Ja;HOOGSTRATEN;ANTWERPEN
2540;Hove;Neen;HOVE;ANTWERPEN
2235;Houtvenne;Ja;HULSHOUT;ANTWERPEN
2235;Hulshout;Neen;HULSHOUT;ANTWERPEN
2235;Westmeerbeek;Ja;HULSHOUT;ANTWERPEN
2920;Kalmthout;Neen;KALMTHOUT;ANTWERPEN
2950;Kapellen;Neen;KAPELLEN;ANTWERPEN
2460;Kasterlee;Neen;KASTERLEE;ANTWERPEN
2460;Lichtaart;Ja;KASTERLEE;ANTWERPEN
2460;Tielen;Ja;KASTERLEE;ANTWERPEN
2550;Kontich;Neen;KONTICH;ANTWERPEN
2550;Waarloos;Ja;KONTICH;ANTWERPEN
2430;Eindhout;Ja;LAAKDAL;ANTWERPEN
2431;Varendonk;Ja;LAAKDAL;ANTWERPEN
2431;Veerle;Ja;LAAKDAL;ANTWERPEN
2430;Vorst;Ja;LAAKDAL;ANTWERPEN
2500;Koningshooikt;Ja;LIER;ANTWERPEN
2500;Lier;Neen;LIER;ANTWERPEN
2275;Gierle;Ja;LILLE;ANTWERPEN
2275;Lille;Neen;LILLE;ANTWERPEN
2275;Poederlee;Ja;LILLE;ANTWERPEN
2275;Wechelderzande;Ja;LILLE;ANTWERPEN
2547;Lint;Neen;LINT;ANTWERPEN
2390;Malle;Neen;MALLE;ANTWERPEN
2390;Oostmalle;Ja;MALLE;ANTWERPEN
2390;Westmalle;Ja;MALLE;ANTWERPEN
2801;Heffen;Ja;MECHELEN;ANTWERPEN
2811;Hombeek;Ja;MECHELEN;ANTWERPEN
2811;Leest;Ja;MECHELEN;ANTWERPEN
2800;Mechelen;Neen;MECHELEN;ANTWERPEN
2812;Muizen;Ja;MECHELEN;ANTWERPEN
2800;Walem;Ja;MECHELEN;ANTWERPEN
2450;Meerhout;Neen;MEERHOUT;ANTWERPEN
2330;Merksplas;Neen;MERKSPLAS;ANTWERPEN
2400;Mol;Neen;MOL;ANTWERPEN
2640;Mortsel;Neen;MORTSEL;ANTWERPEN
2845;Niel;Neen;NIEL;ANTWERPEN
2560;Bevel;Ja;NIJLEN;ANTWERPEN
2560;Kessel;Ja;NIJLEN;ANTWERPEN
2560;Nijlen;Neen;NIJLEN;ANTWERPEN
2250;Olen;Neen;OLEN;ANTWERPEN
2360;Oud-Turnhout;Neen;OUD-TURNHOUT;ANTWERPEN
2580;Beerzel;Ja;PUTTE;ANTWERPEN
2580;Putte;Neen;PUTTE;ANTWERPEN
2870;Breendonk;Ja;PUURS-SINT-AMANDS;ANTWERPEN
2870;Liezele;Ja;PUURS-SINT-AMANDS;ANTWERPEN
2890;Lippelo;Ja;PUURS-SINT-AMANDS;ANTWERPEN
2890;Oppuurs;Ja;PUURS-SINT-AMANDS;ANTWERPEN
2870;Puurs;Ja;PUURS-SINT-AMANDS;ANTWERPEN
2870;Ruisbroek;Ja;PUURS-SINT-AMANDS;ANTWERPEN
2890;Sint-Amands;Ja;PUURS-SINT-AMANDS;ANTWERPEN
2520;Broechem;Ja;RANST;ANTWERPEN
2520;Emblem;Ja;RANST;ANTWERPEN
2520;Oelegem;Ja;RANST;ANTWERPEN
2520;Ranst;Neen;RANST;ANTWERPEN
2382;Poppel;Ja;RAVELS;ANTWERPEN
2380;Ravels;Neen;RAVELS;ANTWERPEN
2381;Weelde;Ja;RAVELS;ANTWERPEN
2470;Retie;Neen;RETIE;ANTWERPEN
2310;Rijkevorsel;Neen;RIJKEVORSEL;ANTWERPEN
2840;Reet;Ja;RUMST;ANTWERPEN
2840;Rumst;Neen;RUMST;ANTWERPEN
2840;Terhagen;Ja;RUMST;ANTWERPEN
2627;Schelle;Neen;SCHELLE;ANTWERPEN
2970;'s Gravenwezel;Ja;SCHILDE;ANTWERPEN
2970;Schilde;Neen;SCHILDE;ANTWERPEN
2900;Schoten;Neen;SCHOTEN;ANTWERPEN
2861;Onze-Lieve-Vrouw-Waver;Ja;SINT-KATELIJNE-WAVER;ANTWERPEN
2860;Sint-Katelijne-Waver;Neen;SINT-KATELIJNE-WAVER;ANTWERPEN
2940;Hoevenen;Ja;STABROEK;ANTWERPEN
2940;Stabroek;Neen;STABROEK;ANTWERPEN
2300;Turnhout;Neen;TURNHOUT;ANTWERPEN
2290;Vorselaar;Neen;VORSELAAR;ANTWERPEN
2350;Vosselaar;Neen;VOSSELAAR;ANTWERPEN
2260;Oevel;Ja;WESTERLO;ANTWERPEN
2260;Tongerlo;Ja;WESTERLO;ANTWERPEN
2260;Westerlo;Neen;WESTERLO;ANTWERPEN
2260;Zoerle-Parwijs;Ja;WESTERLO;ANTWERPEN
2110;Wijnegem;Neen;WIJNEGEM;ANTWERPEN
2830;Blaasveld;Ja;WILLEBROEK;ANTWERPEN
2830;Heindonk;Ja;WILLEBROEK;ANTWERPEN
2830;Tisselt;Ja;WILLEBROEK;ANTWERPEN
2830;Willebroek;Neen;WILLEBROEK;ANTWERPEN
2160;Wommelgem;Neen;WOMMELGEM;ANTWERPEN
2990;Loenhout;Ja;WUUSTWEZEL;ANTWERPEN
2990;Wuustwezel;Neen;WUUSTWEZEL;ANTWERPEN
2240;Massenhoven;Ja;ZANDHOVEN;ANTWERPEN
2242;Pulderbos;Ja;ZANDHOVEN;ANTWERPEN
2243;Pulle;Ja;ZANDHOVEN;ANTWERPEN
2240;Viersel;Ja;ZANDHOVEN;ANTWERPEN
2240;Zandhoven;Neen;ZANDHOVEN;ANTWERPEN
2980;Halle;Ja;ZOERSEL;ANTWERPEN
2980;Zoersel;Neen;ZOERSEL;ANTWERPEN
3570;Alken;Neen;ALKEN;LIMBURG
3665;As;Neen;AS;LIMBURG
3668;Niel-bij-As;Ja;AS;LIMBURG
3580;Beringen;Neen;BERINGEN;LIMBURG
3581;Beverlo;Ja;BERINGEN;LIMBURG
3582;Koersel;Ja;BERINGEN;LIMBURG
3583;Paal;Ja;BERINGEN;LIMBURG
3740;Beverst;Ja;BILZEN-HOESELT;LIMBURG
3740;Bilzen;Ja;BILZEN-HOESELT;LIMBURG
3740;Eigenbilzen;Ja;BILZEN-HOESELT;LIMBURG
3740;Grote-Spouwen;Ja;BILZEN-HOESELT;LIMBURG
3740;Hees;Ja;BILZEN-HOESELT;LIMBURG
3746;Hoelbeek;Ja;BILZEN-HOESELT;LIMBURG
3730;Hoeselt;Ja;BILZEN-HOESELT;LIMBURG
3740;Kleine-Spouwen;Ja;BILZEN-HOESELT;LIMBURG
3742;Martenslinde;Ja;BILZEN-HOESELT;LIMBURG
3740;Mopertingen;Ja;BILZEN-HOESELT;LIMBURG
3740;Munsterbilzen;Ja;BILZEN-HOESELT;LIMBURG
3740;Rijkhoven;Ja;BILZEN-HOESELT;LIMBURG
3730;Romershoven;Ja;BILZEN-HOESELT;LIMBURG
3740;Rosmeer;Ja;BILZEN-HOESELT;LIMBURG
3732;Schalkhoven;Ja;BILZEN-HOESELT;LIMBURG
3730;Sint-Huibrechts-Hern;Ja;BILZEN-HOESELT;LIMBURG
3740;Waltwilder;Ja;BILZEN-HOESELT;LIMBURG
3730;Werm;Ja;BILZEN-HOESELT;LIMBURG
3950;Bocholt;Neen;BOCHOLT;LIMBURG
3950;Kaulille;Ja;BOCHOLT;LIMBURG
3950;Reppel;Ja;BOCHOLT;LIMBURG
3960;Beek;Ja;BREE;LIMBURG
3960;Bree;Neen;BREE;LIMBURG
3960;Gerdingen;Ja;BREE;LIMBURG
3960;Opitter;Ja;BREE;LIMBURG
3960;Tongerlo;Ja;BREE;LIMBURG
3590;Diepenbeek;Neen;DIEPENBEEK;LIMBURG
3650;Dilsen;Ja;DILSEN-STOKKEM;LIMBURG
3650;Elen;Ja;DILSEN-STOKKEM;LIMBURG
3650;Lanklaar;Ja;DILSEN-STOKKEM;LIMBURG
3650;Rotem;Ja;DILSEN-STOKKEM;LIMBURG
3650;Stokkem;Ja;DILSEN-STOKKEM;LIMBURG
3600;Genk;Neen;GENK;LIMBURG
3890;Boekhout;Ja;GINGELOM;LIMBURG
3891;Borlo;Ja;GINGELOM;LIMBURG
3891;Buvingen;Ja;GINGELOM;LIMBURG
3890;Gingelom;Neen;GINGELOM;LIMBURG
3890;Jeuk;Ja;GINGELOM;LIMBURG
3890;Kortijs;Ja;GINGELOM;LIMBURG
3891;Mielen-boven-Aalst;Ja;GINGELOM;LIMBURG
3890;Montenaken;Ja;GINGELOM;LIMBURG
3891;Muizen;Ja;GINGELOM;LIMBURG
3890;Niel-bij-Sint-Truiden;Ja;GINGELOM;LIMBURG
3890;Vorsen;Ja;GINGELOM;LIMBURG
3545;Halen;Neen;HALEN;LIMBURG
3545;Loksbergen;Ja;HALEN;LIMBURG
3545;Zelem;Ja;HALEN;LIMBURG
3930;Achel;Ja;HAMONT-ACHEL;LIMBURG
3930;Hamont;Ja;HAMONT-ACHEL;LIMBURG
3723;Guigoven;Ja;HASSELT;LIMBURG
3500;Hasselt;Neen;HASSELT;LIMBURG
3510;Kermt;Ja;HASSELT;LIMBURG
3720;Kortessem;Ja;HASSELT;LIMBURG
3511;Kuringen;Ja;HASSELT;LIMBURG
3500;Sint-Lambrechts-Herk;Ja;HASSELT;LIMBURG
3510;Spalbeek;Ja;HASSELT;LIMBURG
3512;Stevoort;Ja;HASSELT;LIMBURG
3511;Stokrooie;Ja;HASSELT;LIMBURG
3724;Vliermaal;Ja;HASSELT;LIMBURG
3721;Vliermaalroot;Ja;HASSELT;LIMBURG
3501;Wimmertingen;Ja;HASSELT;LIMBURG
3722;Wintershoven;Ja;HASSELT;LIMBURG
3941;Eksel;Ja;HECHTEL-EKSEL;LIMBURG
3940;Hechtel;Ja;HECHTEL-EKSEL;LIMBURG
3870;Batsheers;Ja;HEERS;LIMBURG
3870;Bovelingen;Ja;HEERS;LIMBURG
3870;Gutshoven;Ja;HEERS;LIMBURG
3870;Heers;Neen;HEERS;LIMBURG
3870;Heks;Ja;HEERS;LIMBURG
3870;Horpmaal;Ja;HEERS;LIMBURG
3870;Klein-Gelmen;Ja;HEERS;LIMBURG
3870;Mechelen-Bovelingen;Ja;HEERS;LIMBURG
3870;Mettekoven;Ja;HEERS;LIMBURG
3870;Opheers;Ja;HEERS;LIMBURG
3870;Rukkelingen-Loon;Ja;HEERS;LIMBURG
3870;Vechmaal;Ja;HEERS;LIMBURG
3870;Veulen;Ja;HEERS;LIMBURG
3540;Berbroek;Ja;HERK-DE-STAD;LIMBURG
3540;Donk;Ja;HERK-DE-STAD;LIMBURG
3540;Herk-de-Stad;Neen;HERK-DE-STAD;LIMBURG
3540;Schulen;Ja;HERK-DE-STAD;LIMBURG
3717;Herstappe;Neen;HERSTAPPE;LIMBURG
3550;Heusden;Ja;HEUSDEN-ZOLDER;LIMBURG
3550;Heusden-Zolder;Neen;HEUSDEN-ZOLDER;LIMBURG
3550;Zolder;Ja;HEUSDEN-ZOLDER;LIMBURG
3530;Helchteren;Ja;HOUTHALEN-HELCHTEREN;LIMBURG
3530;Houthalen;Ja;HOUTHALEN-HELCHTEREN;LIMBURG
3640;Kessenich;Ja;KINROOI;LIMBURG
3640;Kinrooi;Neen;KINROOI;LIMBURG
3640;Molenbeersel;Ja;KINROOI;LIMBURG
3640;Ophoven;Ja;KINROOI;LIMBURG
3620;Gellik;Ja;LANAKEN;LIMBURG
3620;Lanaken;Neen;LANAKEN;LIMBURG
3620;Neerharen;Ja;LANAKEN;LIMBURG
3621;Rekem;Ja;LANAKEN;LIMBURG
3620;Veldwezelt;Ja;LANAKEN;LIMBURG
3971;Heppen;Ja;LEOPOLDSBURG;LIMBURG
3970;Leopoldsburg;Neen;LEOPOLDSBURG;LIMBURG
3920;Lommel;Neen;LOMMEL;LIMBURG
3560;Linkhout;Ja;LUMMEN;LIMBURG
3560;Lummen;Neen;LUMMEN;LIMBURG
3560;Meldert;Ja;LUMMEN;LIMBURG
3680;Maaseik;Neen;MAASEIK;LIMBURG
3680;Neeroeteren;Ja;MAASEIK;LIMBURG
3680;Opoeteren;Ja;MAASEIK;LIMBURG
3631;Boorsem;Ja;MAASMECHELEN;LIMBURG
3630;Eisden;Ja;MAASMECHELEN;LIMBURG
3630;Leut;Ja;MAASMECHELEN;LIMBURG
3630;Maasmechelen;Neen;MAASMECHELEN;LIMBURG
3630;Mechelen-aan-de-Maas;Ja;MAASMECHELEN;LIMBURG
3630;Meeswijk;Ja;MAASMECHELEN;LIMBURG
3630;Opgrimbie;Ja;MAASMECHELEN;LIMBURG
3631;Uikhoven;Ja;MAASMECHELEN;LIMBURG
3630;Vucht;Ja;MAASMECHELEN;LIMBURG
3850;Binderveld;Ja;NIEUWERKERKEN;LIMBURG
3850;Kozen;Ja;NIEUWERKERKEN;LIMBURG
3850;Nieuwerkerken;Neen;NIEUWERKERKEN;LIMBURG
3850;Wijer;Ja;NIEUWERKERKEN;LIMBURG
3670;Ellikom;Ja;OUDSBERGEN;LIMBURG
3670;Gruitrode;Ja;OUDSBERGEN;LIMBURG
3670;Meeuwen;Ja;OUDSBERGEN;LIMBURG
3670;Neerglabbeek;Ja;OUDSBERGEN;LIMBURG
3660;Opglabbeek;Ja;OUDSBERGEN;LIMBURG
3670;Wijshagen;Ja;OUDSBERGEN;LIMBURG
3990;Grote-Brogel;Ja;PEER;LIMBURG
3990;Kleine-Brogel;Ja;PEER;LIMBURG
3990;Peer;Neen;PEER;LIMBURG
3990;Wijchmaal;Ja;PEER;LIMBURG
3910;Neerpelt;Ja;PELT;LIMBURG
3900;Overpelt;Ja;PELT;LIMBURG
3910;Sint-Huibrechts-Lille;Ja;PELT;LIMBURG
3770;Genoelselderen;Ja;RIEMST;LIMBURG
3770;Herderen;Ja;RIEMST;LIMBURG
3770;Kanne;Ja;RIEMST;LIMBURG
3770;Membruggen;Ja;RIEMST;LIMBURG
3770;Millen;Ja;RIEMST;LIMBURG
3770;Riemst;Neen;RIEMST;LIMBURG
3770;Val-Meer;Ja;RIEMST;LIMBURG
3770;Vlijtingen;Ja;RIEMST;LIMBURG
3770;Vroenhoven;Ja;RIEMST;LIMBURG
3770;Zichen-Zussen-Bolder;Ja;RIEMST;LIMBURG
3800;Aalst;Ja;SINT-TRUIDEN;LIMBURG
3800;Brustem;Ja;SINT-TRUIDEN;LIMBURG
3803;Duras;Ja;SINT-TRUIDEN;LIMBURG
3800;Engelmanshoven;Ja;SINT-TRUIDEN;LIMBURG
3800;Gelinden;Ja;SINT-TRUIDEN;LIMBURG
3803;Gorsem;Ja;SINT-TRUIDEN;LIMBURG
3800;Groot-Gelmen;Ja;SINT-TRUIDEN;LIMBURG
3800;Halmaal;Ja;SINT-TRUIDEN;LIMBURG
3800;Kerkom-bij-Sint-Truiden;Ja;SINT-TRUIDEN;LIMBURG
3800;Ordingen;Ja;SINT-TRUIDEN;LIMBURG
3803;Runkelen;Ja;SINT-TRUIDEN;LIMBURG
3800;Sint-Truiden;Neen;SINT-TRUIDEN;LIMBURG
3806;Velm;Ja;SINT-TRUIDEN;LIMBURG
3803;Wilderen;Ja;SINT-TRUIDEN;LIMBURG
3800;Zepperen;Ja;SINT-TRUIDEN;LIMBURG
3945;Kwaadmechelen;Ja;TESSENDERLO-HAM;LIMBURG
3945;Oostham;Ja;TESSENDERLO-HAM;LIMBURG
3980;Tessenderlo;Ja;TESSENDERLO-HAM;LIMBURG
3700;Berg;Ja;TONGEREN-BORGLOON;LIMBURG
3840;Bommershoven;Ja;TONGEREN-BORGLOON;LIMBURG
3840;Borgloon;Ja;TONGEREN-BORGLOON;LIMBURG
3840;Broekom;Ja;TONGEREN-BORGLOON;LIMBURG
3700;Diets-Heur;Ja;TONGEREN-BORGLOON;LIMBURG
3840;Gors-Opleeuw;Ja;TONGEREN-BORGLOON;LIMBURG
3840;Gotem;Ja;TONGEREN-BORGLOON;LIMBURG
3840;Groot-Loon;Ja;TONGEREN-BORGLOON;LIMBURG
3700;Haren;Ja;TONGEREN-BORGLOON;LIMBURG
3840;Haren;Ja;TONGEREN-BORGLOON;LIMBURG
3840;Hendrieken;Ja;TONGEREN-BORGLOON;LIMBURG
3700;Henis;Ja;TONGEREN-BORGLOON;LIMBURG
3840;Hoepertingen;Ja;TONGEREN-BORGLOON;LIMBURG
3840;Jesseren;Ja;TONGEREN-BORGLOON;LIMBURG
3840;Kerniel;Ja;TONGEREN-BORGLOON;LIMBURG
3700;Kolmont;Ja;TONGEREN-BORGLOON;LIMBURG
3840;Kolmont;Ja;TONGEREN-BORGLOON;LIMBURG
3700;Koninksem;Ja;TONGEREN-BORGLOON;LIMBURG
3840;Kuttekoven;Ja;TONGEREN-BORGLOON;LIMBURG
3700;Lauw;Ja;TONGEREN-BORGLOON;LIMBURG
3700;Mal;Ja;TONGEREN-BORGLOON;LIMBURG
3700;Neerrepen;Ja;TONGEREN-BORGLOON;LIMBURG
3700;Nerem;Ja;TONGEREN-BORGLOON;LIMBURG
3700;Overrepen;Ja;TONGEREN-BORGLOON;LIMBURG
3700;Piringen;Ja;TONGEREN-BORGLOON;LIMBURG
3840;Rijkel;Ja;TONGEREN-BORGLOON;LIMBURG
3700;Riksingen;Ja;TONGEREN-BORGLOON;LIMBURG
3700;Rutten;Ja;TONGEREN-BORGLOON;LIMBURG
3700;'s Herenelderen;Ja;TONGEREN-BORGLOON;LIMBURG
3700;Sluizen;Ja;TONGEREN-BORGLOON;LIMBURG
3700;Tongeren;Ja;TONGEREN-BORGLOON;LIMBURG
3840;Voort;Ja;TONGEREN-BORGLOON;LIMBURG
3700;Vreren;Ja;TONGEREN-BORGLOON;LIMBURG
3700;Widooie;Ja;TONGEREN-BORGLOON;LIMBURG
3790;Moelingen;Ja;VOEREN;LIMBURG
3791;Remersdaal;Ja;VOEREN;LIMBURG
3798;'s-Gravenvoeren;Ja;VOEREN;LIMBURG
3790;Sint-Martens-Voeren;Ja;VOEREN;LIMBURG
3792;Sint-Pieters-Voeren;Ja;VOEREN;LIMBURG
3793;Teuven;Ja;VOEREN;LIMBURG
3830;Berlingen;Ja;WELLEN;LIMBURG
3831;Herten;Ja;WELLEN;LIMBURG
3832;Ulbeek;Ja;WELLEN;LIMBURG
3830;Wellen;Neen;WELLEN;LIMBURG
3520;Zonhoven;Neen;ZONHOVEN;LIMBURG
3690;Zutendaal;Neen;ZUTENDAAL;LIMBURG
9300;Aalst;Neen;AALST;OOST-VLAANDEREN
9310;Baardegem;Ja;AALST;OOST-VLAANDEREN
9320;Erembodegem;Ja;AALST;OOST-VLAANDEREN
9308;Gijzegem;Ja;AALST;OOST-VLAANDEREN
9310;Herdersem;Ja;AALST;OOST-VLAANDEREN
9308;Hofstade;Ja;AALST;OOST-VLAANDEREN
9310;Meldert;Ja;AALST;OOST-VLAANDEREN
9310;Moorsel;Ja;AALST;OOST-VLAANDEREN
9320;Nieuwerkerken;Ja;AALST;OOST-VLAANDEREN
9880;Aalter;Neen;AALTER;OOST-VLAANDEREN
9881;Bellem;Ja;AALTER;OOST-VLAANDEREN
9910;Knesselare;Ja;AALTER;OOST-VLAANDEREN
9880;Lotenhulle;Ja;AALTER;OOST-VLAANDEREN
9880;Poeke;Ja;AALTER;OOST-VLAANDEREN
9910;Ursel;Ja;AALTER;OOST-VLAANDEREN
9960;Assenede;Neen;ASSENEDE;OOST-VLAANDEREN
9968;Bassevelde;Ja;ASSENEDE;OOST-VLAANDEREN
9961;Boekhoute;Ja;ASSENEDE;OOST-VLAANDEREN
9968;Oosteeklo;Ja;ASSENEDE;OOST-VLAANDEREN
9290;Berlare;Neen;BERLARE;OOST-VLAANDEREN
9290;Overmere;Ja;BERLARE;OOST-VLAANDEREN
9290;Uitbergen;Ja;BERLARE;OOST-VLAANDEREN
9150;Bazel;Ja;BEVEREN-KRUIBEKE-ZWIJNDRECHT;OOST-VLAANDEREN
9120;Beveren-Waas;Ja;BEVEREN-KRUIBEKE-ZWIJNDRECHT;OOST-VLAANDEREN
2070;Burcht;Ja;BEVEREN-KRUIBEKE-ZWIJNDRECHT;OOST-VLAANDEREN
9130;Doel;Ja;BEVEREN-KRUIBEKE-ZWIJNDRECHT;OOST-VLAANDEREN
9120;Haasdonk;Ja;BEVEREN-KRUIBEKE-ZWIJNDRECHT;OOST-VLAANDEREN
9120;Kallo;Ja;BEVEREN-KRUIBEKE-ZWIJNDRECHT;OOST-VLAANDEREN
9130;Kallo;Ja;BEVEREN-KRUIBEKE-ZWIJNDRECHT;OOST-VLAANDEREN
9130;Kieldrecht;Ja;BEVEREN-KRUIBEKE-ZWIJNDRECHT;OOST-VLAANDEREN
9150;Kruibeke;Ja;BEVEREN-KRUIBEKE-ZWIJNDRECHT;OOST-VLAANDEREN
9120;Melsele;Ja;BEVEREN-KRUIBEKE-ZWIJNDRECHT;OOST-VLAANDEREN
9150;Rupelmonde;Ja;BEVEREN-KRUIBEKE-ZWIJNDRECHT;OOST-VLAANDEREN
9130;Verrebroek;Ja;BEVEREN-KRUIBEKE-ZWIJNDRECHT;OOST-VLAANDEREN
9120;Vrasene;Ja;BEVEREN-KRUIBEKE-ZWIJNDRECHT;OOST-VLAANDEREN
2070;Zwijndrecht;Ja;BEVEREN-KRUIBEKE-ZWIJNDRECHT;OOST-VLAANDEREN
9660;Brakel;Neen;BRAKEL;OOST-VLAANDEREN
9660;Elst;Ja;BRAKEL;OOST-VLAANDEREN
9660;Everbeek;Ja;BRAKEL;OOST-VLAANDEREN
9660;Michelbeke;Ja;BRAKEL;OOST-VLAANDEREN
9660;Nederbrakel;Ja;BRAKEL;OOST-VLAANDEREN
9660;Opbrakel;Ja;BRAKEL;OOST-VLAANDEREN
9661;Parike;Ja;BRAKEL;OOST-VLAANDEREN
9660;Sint-Maria-Oudenhove;Ja;BRAKEL;OOST-VLAANDEREN
9660;Zegelsem;Ja;BRAKEL;OOST-VLAANDEREN
9255;Buggenhout;Neen;BUGGENHOUT;OOST-VLAANDEREN
9255;Opdorp;Ja;BUGGENHOUT;OOST-VLAANDEREN
9800;Astene;Ja;DEINZE;OOST-VLAANDEREN
9800;Bachte-Maria-Leerne;Ja;DEINZE;OOST-VLAANDEREN
9800;Deinze;Neen;DEINZE;OOST-VLAANDEREN
9800;Gottem;Ja;DEINZE;OOST-VLAANDEREN
9800;Grammene;Ja;DEINZE;OOST-VLAANDEREN
9850;Hansbeke;Ja;DEINZE;OOST-VLAANDEREN
9850;Landegem;Ja;DEINZE;OOST-VLAANDEREN
9800;Meigem;Ja;DEINZE;OOST-VLAANDEREN
9850;Merendree;Ja;DEINZE;OOST-VLAANDEREN
9850;Nevele;Ja;DEINZE;OOST-VLAANDEREN
9800;Petegem-aan-de-Leie;Ja;DEINZE;OOST-VLAANDEREN
9850;Poesele;Ja;DEINZE;OOST-VLAANDEREN
9800;Sint-Martens-Leerne;Ja;DEINZE;OOST-VLAANDEREN
9800;Vinkt;Ja;DEINZE;OOST-VLAANDEREN
9850;Vosselare;Ja;DEINZE;OOST-VLAANDEREN
9800;Wontergem;Ja;DEINZE;OOST-VLAANDEREN
9800;Zeveren;Ja;DEINZE;OOST-VLAANDEREN
9470;Denderleeuw;Neen;DENDERLEEUW;OOST-VLAANDEREN
9472;Iddergem;Ja;DENDERLEEUW;OOST-VLAANDEREN
9473;Welle;Ja;DENDERLEEUW;OOST-VLAANDEREN
9200;Appels;Ja;DENDERMONDE;OOST-VLAANDEREN
9200;Baasrode;Ja;DENDERMONDE;OOST-VLAANDEREN
9200;Dendermonde;Neen;DENDERMONDE;OOST-VLAANDEREN
9200;Grembergen;Ja;DENDERMONDE;OOST-VLAANDEREN
9200;Mespelare;Ja;DENDERMONDE;OOST-VLAANDEREN
9200;Oudegem;Ja;DENDERMONDE;OOST-VLAANDEREN
9200;Schoonaarde;Ja;DENDERMONDE;OOST-VLAANDEREN
9200;Sint-Gillis-Dendermonde;Ja;DENDERMONDE;OOST-VLAANDEREN
9070;Destelbergen;Neen;DESTELBERGEN;OOST-VLAANDEREN
9070;Heusden;Ja;DESTELBERGEN;OOST-VLAANDEREN
9900;Eeklo;Neen;EEKLO;OOST-VLAANDEREN
9420;Aaigem;Ja;ERPE-MERE;OOST-VLAANDEREN
9420;Bambrugge;Ja;ERPE-MERE;OOST-VLAANDEREN
9420;Burst;Ja;ERPE-MERE;OOST-VLAANDEREN
9420;Erondegem;Ja;ERPE-MERE;OOST-VLAANDEREN
9420;Erpe;Ja;ERPE-MERE;OOST-VLAANDEREN
9420;Mere;Ja;ERPE-MERE;OOST-VLAANDEREN
9420;Ottergem;Ja;ERPE-MERE;OOST-VLAANDEREN
9420;Vlekkem;Ja;ERPE-MERE;OOST-VLAANDEREN
9940;Ertvelde;Ja;EVERGEM;OOST-VLAANDEREN
9940;Evergem;Neen;EVERGEM;OOST-VLAANDEREN
9940;Kluizen;Ja;EVERGEM;OOST-VLAANDEREN
9940;Sleidinge;Ja;EVERGEM;OOST-VLAANDEREN
9890;Asper;Ja;GAVERE;OOST-VLAANDEREN
9890;Baaigem;Ja;GAVERE;OOST-VLAANDEREN
9890;Dikkelvenne;Ja;GAVERE;OOST-VLAANDEREN
9890;Gavere;Neen;GAVERE;OOST-VLAANDEREN
9890;Semmerzake;Ja;GAVERE;OOST-VLAANDEREN
9890;Vurste;Ja;GAVERE;OOST-VLAANDEREN
9051;Afsnee;Ja;GENT;OOST-VLAANDEREN
9042;Desteldonk;Ja;GENT;OOST-VLAANDEREN
9031;Drongen;Ja;GENT;OOST-VLAANDEREN
9000;Gent;Neen;GENT;OOST-VLAANDEREN
9050;Gentbrugge;Ja;GENT;OOST-VLAANDEREN
9050;Ledeberg;Ja;GENT;OOST-VLAANDEREN
9030;Mariakerke;Ja;GENT;OOST-VLAANDEREN
9042;Mendonk;Ja;GENT;OOST-VLAANDEREN
9041;Oostakker;Ja;GENT;OOST-VLAANDEREN
9040;Sint-Amandsberg;Ja;GENT;OOST-VLAANDEREN
9051;Sint-Denijs-Westrem;Ja;GENT;OOST-VLAANDEREN
9042;Sint-Kruis-Winkel;Ja;GENT;OOST-VLAANDEREN
9032;Wondelgem;Ja;GENT;OOST-VLAANDEREN
9052;Zwijnaarde;Ja;GENT;OOST-VLAANDEREN
9500;Geraardsbergen;Neen;GERAARDSBERGEN;OOST-VLAANDEREN
9500;Goeferdinge;Ja;GERAARDSBERGEN;OOST-VLAANDEREN
9506;Grimminge;Ja;GERAARDSBERGEN;OOST-VLAANDEREN
9506;Idegem;Ja;GERAARDSBERGEN;OOST-VLAANDEREN
9500;Moerbeke;Ja;GERAARDSBERGEN;OOST-VLAANDEREN
9500;Nederboelare;Ja;GERAARDSBERGEN;OOST-VLAANDEREN
9506;Nieuwenhove;Ja;GERAARDSBERGEN;OOST-VLAANDEREN
9500;Onkerzele;Ja;GERAARDSBERGEN;OOST-VLAANDEREN
9500;Ophasselt;Ja;GERAARDSBERGEN;OOST-VLAANDEREN
9500;Overboelare;Ja;GERAARDSBERGEN;OOST-VLAANDEREN
9506;Schendelbeke;Ja;GERAARDSBERGEN;OOST-VLAANDEREN
9506;Smeerebbe-Vloerzegem;Ja;GERAARDSBERGEN;OOST-VLAANDEREN
9500;Viane;Ja;GERAARDSBERGEN;OOST-VLAANDEREN
9506;Waarbeke;Ja;GERAARDSBERGEN;OOST-VLAANDEREN
9506;Zandbergen;Ja;GERAARDSBERGEN;OOST-VLAANDEREN
9500;Zarlardinge;Ja;GERAARDSBERGEN;OOST-VLAANDEREN
9450;Denderhoutem;Ja;HAALTERT;OOST-VLAANDEREN
9450;Haaltert;Neen;HAALTERT;OOST-VLAANDEREN
9450;Heldergem;Ja;HAALTERT;OOST-VLAANDEREN
9451;Kerksken;Ja;HAALTERT;OOST-VLAANDEREN
9220;Hamme;Neen;HAMME;OOST-VLAANDEREN
9220;Moerzeke;Ja;HAMME;OOST-VLAANDEREN
9552;Borsbeke;Ja;HERZELE;OOST-VLAANDEREN
9550;Herzele;Neen;HERZELE;OOST-VLAANDEREN
9550;Hillegem;Ja;HERZELE;OOST-VLAANDEREN
9551;Ressegem;Ja;HERZELE;OOST-VLAANDEREN
9550;Sint-Antelinks;Ja;HERZELE;OOST-VLAANDEREN
9550;Sint-Lievens-Esse;Ja;HERZELE;OOST-VLAANDEREN
9550;Steenhuize-Wijnhuize;Ja;HERZELE;OOST-VLAANDEREN
9550;Woubrechtegem;Ja;HERZELE;OOST-VLAANDEREN
9667;Sint-Kornelis-Horebeke;Ja;HOREBEKE;OOST-VLAANDEREN
9667;Sint-Maria-Horebeke;Ja;HOREBEKE;OOST-VLAANDEREN
9970;Kaprijke;Neen;KAPRIJKE;OOST-VLAANDEREN
9971;Lembeke;Ja;KAPRIJKE;OOST-VLAANDEREN
9690;Berchem;Ja;KLUISBERGEN;OOST-VLAANDEREN
9690;Kwaremont;Ja;KLUISBERGEN;OOST-VLAANDEREN
9690;Ruien;Ja;KLUISBERGEN;OOST-VLAANDEREN
9690;Zulzeke;Ja;KLUISBERGEN;OOST-VLAANDEREN
9750;Huise;Ja;KRUISEM;OOST-VLAANDEREN
9770;Kruishoutem;Ja;KRUISEM;OOST-VLAANDEREN
9771;Nokere;Ja;KRUISEM;OOST-VLAANDEREN
9750;Ouwegem;Ja;KRUISEM;OOST-VLAANDEREN
9772;Wannegem-Lede;Ja;KRUISEM;OOST-VLAANDEREN
9750;Zingem;Ja;KRUISEM;OOST-VLAANDEREN
9270;Kalken;Ja;LAARNE;OOST-VLAANDEREN
9270;Laarne;Neen;LAARNE;OOST-VLAANDEREN
9280;Denderbelle;Ja;LEBBEKE;OOST-VLAANDEREN
9280;Lebbeke;Neen;LEBBEKE;OOST-VLAANDEREN
9280;Wieze;Ja;LEBBEKE;OOST-VLAANDEREN
9340;Impe;Ja;LEDE;OOST-VLAANDEREN
9340;Lede;Neen;LEDE;OOST-VLAANDEREN
9340;Oordegem;Ja;LEDE;OOST-VLAANDEREN
9340;Smetlede;Ja;LEDE;OOST-VLAANDEREN
9340;Wanzele;Ja;LEDE;OOST-VLAANDEREN
9570;Deftinge;Ja;LIERDE;OOST-VLAANDEREN
9571;Hemelveerdegem;Ja;LIERDE;OOST-VLAANDEREN
9570;Sint-Maria-Lierde;Ja;LIERDE;OOST-VLAANDEREN
9572;Sint-Martens-Lierde;Ja;LIERDE;OOST-VLAANDEREN
9920;Lovendegem;Ja;LIEVEGEM;OOST-VLAANDEREN
9931;Oostwinkel;Ja;LIEVEGEM;OOST-VLAANDEREN
9932;Ronsele;Ja;LIEVEGEM;OOST-VLAANDEREN
9921;Vinderhoute;Ja;LIEVEGEM;OOST-VLAANDEREN
9950;Waarschoot;Ja;LIEVEGEM;OOST-VLAANDEREN
9930;Zomergem;Ja;LIEVEGEM;OOST-VLAANDEREN
9080;Beervelde;Ja;LOCHRISTI;OOST-VLAANDEREN
9080;Lochristi;Neen;LOCHRISTI;OOST-VLAANDEREN
9185;Wachtebeke;Ja;LOCHRISTI;OOST-VLAANDEREN
9080;Zaffelare;Ja;LOCHRISTI;OOST-VLAANDEREN
9080;Zeveneken;Ja;LOCHRISTI;OOST-VLAANDEREN
9160;Daknam;Ja;LOKEREN;OOST-VLAANDEREN
9160;Eksaarde;Ja;LOKEREN;OOST-VLAANDEREN
9160;Lokeren;Neen;LOKEREN;OOST-VLAANDEREN
9180;Moerbeke-Waas;Ja;LOKEREN;OOST-VLAANDEREN
9680;Etikhove;Ja;MAARKEDAL;OOST-VLAANDEREN
9680;Maarke-Kerkem;Ja;MAARKEDAL;OOST-VLAANDEREN
9681;Nukerke;Ja;MAARKEDAL;OOST-VLAANDEREN
9688;Schorisse;Ja;MAARKEDAL;OOST-VLAANDEREN
9991;Adegem;Ja;MALDEGEM;OOST-VLAANDEREN
9990;Maldegem;Neen;MALDEGEM;OOST-VLAANDEREN
9992;Middelburg;Ja;MALDEGEM;OOST-VLAANDEREN
9820;Bottelare;Ja;MERELBEKE-MELLE;OOST-VLAANDEREN
9090;Gontrode;Ja;MERELBEKE-MELLE;OOST-VLAANDEREN
9820;Lemberge;Ja;MERELBEKE-MELLE;OOST-VLAANDEREN
9090;Melle;Ja;MERELBEKE-MELLE;OOST-VLAANDEREN
9820;Melsen;Ja;MERELBEKE-MELLE;OOST-VLAANDEREN
9820;Merelbeke;Ja;MERELBEKE-MELLE;OOST-VLAANDEREN
9820;Munte;Ja;MERELBEKE-MELLE;OOST-VLAANDEREN
9820;Schelderode;Ja;MERELBEKE-MELLE;OOST-VLAANDEREN
9840;De Pinte;Ja;NAZARETH-DE PINTE;OOST-VLAANDEREN
9810;Eke;Ja;NAZARETH-DE PINTE;OOST-VLAANDEREN
9810;Nazareth;Ja;NAZARETH-DE PINTE;OOST-VLAANDEREN
9840;Zevergem;Ja;NAZARETH-DE PINTE;OOST-VLAANDEREN
9400;Appelterre-Eichem;Ja;NINOVE;OOST-VLAANDEREN
9404;Aspelare;Ja;NINOVE;OOST-VLAANDEREN
9400;Denderwindeke;Ja;NINOVE;OOST-VLAANDEREN
9400;Lieferinge;Ja;NINOVE;OOST-VLAANDEREN
9402;Meerbeke;Ja;NINOVE;OOST-VLAANDEREN
9400;Nederhasselt;Ja;NINOVE;OOST-VLAANDEREN
9403;Neigem;Ja;NINOVE;OOST-VLAANDEREN
9400;Ninove;Neen;NINOVE;OOST-VLAANDEREN
9400;Okegem;Ja;NINOVE;OOST-VLAANDEREN
9406;Outer;Ja;NINOVE;OOST-VLAANDEREN
9401;Pollare;Ja;NINOVE;OOST-VLAANDEREN
9400;Voorde;Ja;NINOVE;OOST-VLAANDEREN
9860;Balegem;Ja;OOSTERZELE;OOST-VLAANDEREN
9860;Gijzenzele;Ja;OOSTERZELE;OOST-VLAANDEREN
9860;Landskouter;Ja;OOSTERZELE;OOST-VLAANDEREN
9860;Moortsele;Ja;OOSTERZELE;OOST-VLAANDEREN
9860;Oosterzele;Neen;OOSTERZELE;OOST-VLAANDEREN
9860;Scheldewindeke;Ja;OOSTERZELE;OOST-VLAANDEREN
9700;Bevere;Ja;OUDENAARDE;OOST-VLAANDEREN
9700;Edelare;Ja;OUDENAARDE;OOST-VLAANDEREN
9700;Eine;Ja;OUDENAARDE;OOST-VLAANDEREN
9700;Ename;Ja;OUDENAARDE;OOST-VLAANDEREN
9700;Heurne;Ja;OUDENAARDE;OOST-VLAANDEREN
9700;Leupegem;Ja;OUDENAARDE;OOST-VLAANDEREN
9700;Mater;Ja;OUDENAARDE;OOST-VLAANDEREN
9700;Melden;Ja;OUDENAARDE;OOST-VLAANDEREN
9700;Mullem;Ja;OUDENAARDE;OOST-VLAANDEREN
9700;Nederename;Ja;OUDENAARDE;OOST-VLAANDEREN
9700;Ooike;Ja;OUDENAARDE;OOST-VLAANDEREN
9700;Oudenaarde;Neen;OUDENAARDE;OOST-VLAANDEREN
9700;Volkegem;Ja;OUDENAARDE;OOST-VLAANDEREN
9700;Welden;Ja;OUDENAARDE;OOST-VLAANDEREN
9600;Ronse;Neen;RONSE;OOST-VLAANDEREN
9170;De Klinge;Ja;SINT-GILLIS-WAAS;OOST-VLAANDEREN
9170;Meerdonk;Ja;SINT-GILLIS-WAAS;OOST-VLAANDEREN
9170;Sint-Gillis-Waas;Neen;SINT-GILLIS-WAAS;OOST-VLAANDEREN
9170;Sint-Pauwels;Ja;SINT-GILLIS-WAAS;OOST-VLAANDEREN
9982;Sint-Jan-in-Eremo;Ja;SINT-LAUREINS;OOST-VLAANDEREN
9980;Sint-Laureins;Neen;SINT-LAUREINS;OOST-VLAANDEREN
9981;Sint-Margriete;Ja;SINT-LAUREINS;OOST-VLAANDEREN
9988;Waterland-Oudeman;Ja;SINT-LAUREINS;OOST-VLAANDEREN
9988;Watervliet;Ja;SINT-LAUREINS;OOST-VLAANDEREN
9520;Bavegem;Ja;SINT-LIEVENS-HOUTEM;OOST-VLAANDEREN
9521;Letterhoutem;Ja;SINT-LIEVENS-HOUTEM;OOST-VLAANDEREN
9520;Oombergen;Ja;SINT-LIEVENS-HOUTEM;OOST-VLAANDEREN
9520;Sint-Lievens-Houtem;Neen;SINT-LIEVENS-HOUTEM;OOST-VLAANDEREN
9520;Vlierzele;Ja;SINT-LIEVENS-HOUTEM;OOST-VLAANDEREN
9520;Zonnegem;Ja;SINT-LIEVENS-HOUTEM;OOST-VLAANDEREN
9831;Deurle;Ja;SINT-MARTENS-LATEM;OOST-VLAANDEREN
9830;Sint-Martens-Latem;Neen;SINT-MARTENS-LATEM;OOST-VLAANDEREN
9111;Belsele;Ja;SINT-NIKLAAS;OOST-VLAANDEREN
9100;Nieuwkerken-Waas;Ja;SINT-NIKLAAS;OOST-VLAANDEREN
9112;Sinaai-Waas;Ja;SINT-NIKLAAS;OOST-VLAANDEREN
9100;Sint-Niklaas;Neen;SINT-NIKLAAS;OOST-VLAANDEREN
9190;Kemzeke;Ja;STEKENE;OOST-VLAANDEREN
9190;Stekene;Neen;STEKENE;OOST-VLAANDEREN
9140;Elversele;Ja;TEMSE;OOST-VLAANDEREN
9140;Steendorp;Ja;TEMSE;OOST-VLAANDEREN
9140;Temse;Neen;TEMSE;OOST-VLAANDEREN
9140;Tielrode;Ja;TEMSE;OOST-VLAANDEREN
9250;Waasmunster;Neen;WAASMUNSTER;OOST-VLAANDEREN
9230;Massemen;Ja;WETTEREN;OOST-VLAANDEREN
9230;Westrem;Ja;WETTEREN;OOST-VLAANDEREN
9230;Wetteren;Neen;WETTEREN;OOST-VLAANDEREN
9260;Schellebelle;Ja;WICHELEN;OOST-VLAANDEREN
9260;Serskamp;Ja;WICHELEN;OOST-VLAANDEREN
9260;Wichelen;Neen;WICHELEN;OOST-VLAANDEREN
9790;Elsegem;Ja;WORTEGEM-PETEGEM;OOST-VLAANDEREN
9790;Moregem;Ja;WORTEGEM-PETEGEM;OOST-VLAANDEREN
9790;Ooike;Ja;WORTEGEM-PETEGEM;OOST-VLAANDEREN
9790;Petegem-aan-de-Schelde;Ja;WORTEGEM-PETEGEM;OOST-VLAANDEREN
9790;Wortegem;Ja;WORTEGEM-PETEGEM;OOST-VLAANDEREN
9240;Zele;Neen;ZELE;OOST-VLAANDEREN
9060;Zelzate;Neen;ZELZATE;OOST-VLAANDEREN
9620;Elene;Ja;ZOTTEGEM;OOST-VLAANDEREN
9620;Erwetegem;Ja;ZOTTEGEM;OOST-VLAANDEREN
9620;Godveerdegem;Ja;ZOTTEGEM;OOST-VLAANDEREN
9620;Grotenberge;Ja;ZOTTEGEM;OOST-VLAANDEREN
9620;Leeuwergem;Ja;ZOTTEGEM;OOST-VLAANDEREN
9620;Oombergen;Ja;ZOTTEGEM;OOST-VLAANDEREN
9620;Sint-Goriks-Oudenhove;Ja;ZOTTEGEM;OOST-VLAANDEREN
9620;Sint-Maria-Oudenhove;Ja;ZOTTEGEM;OOST-VLAANDEREN
9620;Strijpen;Ja;ZOTTEGEM;OOST-VLAANDEREN
9620;Velzeke-Ruddershove;Ja;ZOTTEGEM;OOST-VLAANDEREN
9620;Zottegem;Neen;ZOTTEGEM;OOST-VLAANDEREN
9870;Machelen;Ja;ZULTE;OOST-VLAANDEREN
9870;Olsene;Ja;ZULTE;OOST-VLAANDEREN
9870;Zulte;Neen;ZULTE;OOST-VLAANDEREN
9630;Beerlegem;Ja;ZWALM;OOST-VLAANDEREN
9630;Dikkele;Ja;ZWALM;OOST-VLAANDEREN
9630;Hundelgem;Ja;ZWALM;OOST-VLAANDEREN
9630;Meilegem;Ja;ZWALM;OOST-VLAANDEREN
9630;Munkzwalm;Ja;ZWALM;OOST-VLAANDEREN
9636;Nederzwalm-Hermelgem;Ja;ZWALM;OOST-VLAANDEREN
9630;Paulatem;Ja;ZWALM;OOST-VLAANDEREN
9630;Roborst;Ja;ZWALM;OOST-VLAANDEREN
9630;Rozebeke;Ja;ZWALM;OOST-VLAANDEREN
9630;Sint-Blasius-Boekel;Ja;ZWALM;OOST-VLAANDEREN
9630;Sint-Denijs-Boekel;Ja;ZWALM;OOST-VLAANDEREN
9630;Sint-Maria-Latem;Ja;ZWALM;OOST-VLAANDEREN
3200;Aarschot;Neen;AARSCHOT;VLAAMS-BRABANT
3200;Gelrode;Ja;AARSCHOT;VLAAMS-BRABANT
3201;Langdorp;Ja;AARSCHOT;VLAAMS-BRABANT
3202;Rillaar;Ja;AARSCHOT;VLAAMS-BRABANT
1790;Affligem;Neen;AFFLIGEM;VLAAMS-BRABANT
1790;Essene;Ja;AFFLIGEM;VLAAMS-BRABANT
1790;Hekelgem;Ja;AFFLIGEM;VLAAMS-BRABANT
1790;Teralfene;Ja;AFFLIGEM;VLAAMS-BRABANT
1730;Asse;Neen;ASSE;VLAAMS-BRABANT
1730;Bekkerzeel;Ja;ASSE;VLAAMS-BRABANT
1730;Kobbegem;Ja;ASSE;VLAAMS-BRABANT
1730;Mollem;Ja;ASSE;VLAAMS-BRABANT
1731;Relegem;Ja;ASSE;VLAAMS-BRABANT
1731;Zellik;Ja;ASSE;VLAAMS-BRABANT
1652;Alsemberg;Ja;BEERSEL;VLAAMS-BRABANT
1650;Beersel;Neen;BEERSEL;VLAAMS-BRABANT
1653;Dworp;Ja;BEERSEL;VLAAMS-BRABANT
1654;Huizingen;Ja;BEERSEL;VLAAMS-BRABANT
1651;Lot;Ja;BEERSEL;VLAAMS-BRABANT
3130;Begijnendijk;Neen;BEGIJNENDIJK;VLAAMS-BRABANT
3130;Betekom;Ja;BEGIJNENDIJK;VLAAMS-BRABANT
3460;Assent;Ja;BEKKEVOORT;VLAAMS-BRABANT
3460;Bekkevoort;Neen;BEKKEVOORT;VLAAMS-BRABANT
3461;Molenbeek-Wersbeek;Ja;BEKKEVOORT;VLAAMS-BRABANT
3060;Bertem;Neen;BERTEM;VLAAMS-BRABANT
3060;Korbeek-Dijle;Ja;BERTEM;VLAAMS-BRABANT
3061;Leefdaal;Ja;BERTEM;VLAAMS-BRABANT
1547;Bever;Neen;BEVER;VLAAMS-BRABANT
3360;Bierbeek;Neen;BIERBEEK;VLAAMS-BRABANT
3360;Korbeek-Lo;Ja;BIERBEEK;VLAAMS-BRABANT
3360;Lovenjoel;Ja;BIERBEEK;VLAAMS-BRABANT
3360;Opvelp;Ja;BIERBEEK;VLAAMS-BRABANT
3190;Boortmeerbeek;Neen;BOORTMEERBEEK;VLAAMS-BRABANT
3191;Hever;Ja;BOORTMEERBEEK;VLAAMS-BRABANT
3370;Boutersem;Neen;BOUTERSEM;VLAAMS-BRABANT
3370;Kerkom;Ja;BOUTERSEM;VLAAMS-BRABANT
3370;Neervelp;Ja;BOUTERSEM;VLAAMS-BRABANT
3370;Roosbeek;Ja;BOUTERSEM;VLAAMS-BRABANT
3370;Vertrijk;Ja;BOUTERSEM;VLAAMS-BRABANT
3370;Willebringen;Ja;BOUTERSEM;VLAAMS-BRABANT
3290;Deurne;Ja;DIEST;VLAAMS-BRABANT
3290;Diest;Neen;DIEST;VLAAMS-BRABANT
3293;Kaggevinne;Ja;DIEST;VLAAMS-BRABANT
3294;Molenstede;Ja;DIEST;VLAAMS-BRABANT
3290;Schaffen;Ja;DIEST;VLAAMS-BRABANT
3290;Webbekom;Ja;DIEST;VLAAMS-BRABANT
1700;Dilbeek;Neen;DILBEEK;VLAAMS-BRABANT
1702;Groot-Bijgaarden;Ja;DILBEEK;VLAAMS-BRABANT
1701;Itterbeek;Ja;DILBEEK;VLAAMS-BRABANT
1703;Schepdaal;Ja;DILBEEK;VLAAMS-BRABANT
1700;Sint-Martens-Bodegem;Ja;DILBEEK;VLAAMS-BRABANT
1700;Sint-Ulriks-Kapelle;Ja;DILBEEK;VLAAMS-BRABANT
1620;Drogenbos;Neen;DROGENBOS;VLAAMS-BRABANT
3450;Geetbets;Neen;GEETBETS;VLAAMS-BRABANT
3450;Grazen;Ja;GEETBETS;VLAAMS-BRABANT
3454;Rummen;Ja;GEETBETS;VLAAMS-BRABANT
3384;Attenrode;Ja;GLABBEEK;VLAAMS-BRABANT
3380;Bunsbeek;Ja;GLABBEEK;VLAAMS-BRABANT
3380;Glabbeek;Neen;GLABBEEK;VLAAMS-BRABANT
3381;Kapellen;Ja;GLABBEEK;VLAAMS-BRABANT
1852;Beigem;Ja;GRIMBERGEN;VLAAMS-BRABANT
1850;Grimbergen;Neen;GRIMBERGEN;VLAAMS-BRABANT
1851;Humbeek;Ja;GRIMBERGEN;VLAAMS-BRABANT
1853;Strombeek-Bever;Ja;GRIMBERGEN;VLAAMS-BRABANT
3150;Haacht;Neen;HAACHT;VLAAMS-BRABANT
3150;Tildonk;Ja;HAACHT;VLAAMS-BRABANT
3150;Wespelaar;Ja;HAACHT;VLAAMS-BRABANT
1501;Buizingen;Ja;HALLE;VLAAMS-BRABANT
1500;Halle;Neen;HALLE;VLAAMS-BRABANT
1502;Lembeek;Ja;HALLE;VLAAMS-BRABANT
3020;Herent;Neen;HERENT;VLAAMS-BRABANT
3020;Veltem-Beisem;Ja;HERENT;VLAAMS-BRABANT
3020;Winksele;Ja;HERENT;VLAAMS-BRABANT
3320;Hoegaarden;Neen;HOEGAARDEN;VLAAMS-BRABANT
3320;Meldert;Ja;HOEGAARDEN;VLAAMS-BRABANT
3321;Outgaarden;Ja;HOEGAARDEN;VLAAMS-BRABANT
1560;Hoeilaart;Neen;HOEILAART;VLAAMS-BRABANT
3220;Holsbeek;Neen;HOLSBEEK;VLAAMS-BRABANT
3220;Kortrijk-Dutsel;Ja;HOLSBEEK;VLAAMS-BRABANT
3221;Nieuwrode;Ja;HOLSBEEK;VLAAMS-BRABANT
3220;Sint-Pieters-Rode;Ja;HOLSBEEK;VLAAMS-BRABANT
3040;Huldenberg;Neen;HULDENBERG;VLAAMS-BRABANT
3040;Loonbeek;Ja;HULDENBERG;VLAAMS-BRABANT
3040;Neerijse;Ja;HULDENBERG;VLAAMS-BRABANT
3040;Ottenburg;Ja;HULDENBERG;VLAAMS-BRABANT
3040;Sint-Agatha-Rode;Ja;HULDENBERG;VLAAMS-BRABANT
1910;Berg;Ja;KAMPENHOUT;VLAAMS-BRABANT
1910;Buken;Ja;KAMPENHOUT;VLAAMS-BRABANT
1910;Kampenhout;Neen;KAMPENHOUT;VLAAMS-BRABANT
1910;Nederokkerzeel;Ja;KAMPENHOUT;VLAAMS-BRABANT
1880;Kapelle-op-den-Bos;Neen;KAPELLE-OP-DEN-BOS;VLAAMS-BRABANT
1880;Nieuwenrode;Ja;KAPELLE-OP-DEN-BOS;VLAAMS-BRABANT
1880;Ramsdonk;Ja;KAPELLE-OP-DEN-BOS;VLAAMS-BRABANT
3140;Keerbergen;Neen;KEERBERGEN;VLAAMS-BRABANT
3471;Hoeleden;Ja;KORTENAKEN;VLAAMS-BRABANT
3472;Kersbeek-Miskom;Ja;KORTENAKEN;VLAAMS-BRABANT
3470;Kortenaken;Neen;KORTENAKEN;VLAAMS-BRABANT
3470;Ransberg;Ja;KORTENAKEN;VLAAMS-BRABANT
3470;Sint-Margriete-Houtem;Ja;KORTENAKEN;VLAAMS-BRABANT
3473;Waanrode;Ja;KORTENAKEN;VLAAMS-BRABANT
3071;Erps-Kwerps;Ja;KORTENBERG;VLAAMS-BRABANT
3078;Everberg;Ja;KORTENBERG;VLAAMS-BRABANT
3070;Kortenberg;Neen;KORTENBERG;VLAAMS-BRABANT
3078;Meerbeek;Ja;KORTENBERG;VLAAMS-BRABANT
1950;Kraainem;Neen;KRAAINEM;VLAAMS-BRABANT
3404;Attenhoven;Ja;LANDEN;VLAAMS-BRABANT
3400;Eliksem;Ja;LANDEN;VLAAMS-BRABANT
3400;Ezemaal;Ja;LANDEN;VLAAMS-BRABANT
3400;Laar;Ja;LANDEN;VLAAMS-BRABANT
3400;Landen;Neen;LANDEN;VLAAMS-BRABANT
3404;Neerlanden;Ja;LANDEN;VLAAMS-BRABANT
3400;Neerwinden;Ja;LANDEN;VLAAMS-BRABANT
3400;Overwinden;Ja;LANDEN;VLAAMS-BRABANT
3400;Rumsdorp;Ja;LANDEN;VLAAMS-BRABANT
3401;Waasmont;Ja;LANDEN;VLAAMS-BRABANT
3401;Walsbets;Ja;LANDEN;VLAAMS-BRABANT
3401;Walshoutem;Ja;LANDEN;VLAAMS-BRABANT
3400;Wange;Ja;LANDEN;VLAAMS-BRABANT
3401;Wezeren;Ja;LANDEN;VLAAMS-BRABANT
1750;Gaasbeek;Ja;LENNIK;VLAAMS-BRABANT
1750;Sint-Kwintens-Lennik;Ja;LENNIK;VLAAMS-BRABANT
1750;Sint-Martens-Lennik;Ja;LENNIK;VLAAMS-BRABANT
3001;Heverlee;Ja;LEUVEN;VLAAMS-BRABANT
3010;Kessel Lo;Ja;LEUVEN;VLAAMS-BRABANT
3000;Leuven;Neen;LEUVEN;VLAAMS-BRABANT
3018;Wijgmaal;Ja;LEUVEN;VLAAMS-BRABANT
3012;Wilsele;Ja;LEUVEN;VLAAMS-BRABANT
1770;Liedekerke;Neen;LIEDEKERKE;VLAAMS-BRABANT
1630;Linkebeek;Neen;LINKEBEEK;VLAAMS-BRABANT
3350;Drieslinter;Ja;LINTER;VLAAMS-BRABANT
3350;Linter;Neen;LINTER;VLAAMS-BRABANT
3350;Melkwezer;Ja;LINTER;VLAAMS-BRABANT
3350;Neerhespen;Ja;LINTER;VLAAMS-BRABANT
3350;Neerlinter;Ja;LINTER;VLAAMS-BRABANT
3350;Orsmaal-Gussenhoven;Ja;LINTER;VLAAMS-BRABANT
3350;Overhespen;Ja;LINTER;VLAAMS-BRABANT
3350;Wommersom;Ja;LINTER;VLAAMS-BRABANT
1840;Londerzeel;Neen;LONDERZEEL;VLAAMS-BRABANT
1840;Malderen;Ja;LONDERZEEL;VLAAMS-BRABANT
1840;Steenhuffel;Ja;LONDERZEEL;VLAAMS-BRABANT
3211;Binkom;Ja;LUBBEEK;VLAAMS-BRABANT
3210;Linden;Ja;LUBBEEK;VLAAMS-BRABANT
3210;Lubbeek;Neen;LUBBEEK;VLAAMS-BRABANT
3212;Pellenberg;Ja;LUBBEEK;VLAAMS-BRABANT
1831;Diegem;Ja;MACHELEN;VLAAMS-BRABANT
1830;Machelen;Neen;MACHELEN;VLAAMS-BRABANT
1860;Meise;Neen;MEISE;VLAAMS-BRABANT
1861;Wolvertem;Ja;MEISE;VLAAMS-BRABANT
1785;Brussegem;Ja;MERCHTEM;VLAAMS-BRABANT
1785;Hamme;Ja;MERCHTEM;VLAAMS-BRABANT
1785;Merchtem;Neen;MERCHTEM;VLAAMS-BRABANT
1745;Mazenzele;Ja;OPWIJK;VLAAMS-BRABANT
1745;Opwijk;Neen;OPWIJK;VLAAMS-BRABANT
3052;Blanden;Ja;OUD-HEVERLEE;VLAAMS-BRABANT
3053;Haasrode;Ja;OUD-HEVERLEE;VLAAMS-BRABANT
3050;Oud-Heverlee;Neen;OUD-HEVERLEE;VLAAMS-BRABANT
3051;Sint-Joris-Weert;Ja;OUD-HEVERLEE;VLAAMS-BRABANT
3054;Vaalbeek;Ja;OUD-HEVERLEE;VLAAMS-BRABANT
3090;Overijse;Neen;OVERIJSE;VLAAMS-BRABANT
1570;Galmaarden;Ja;PAJOTTEGEM;VLAAMS-BRABANT
1755;Gooik;Ja;PAJOTTEGEM;VLAAMS-BRABANT
1540;Herfelingen;Ja;PAJOTTEGEM;VLAAMS-BRABANT
1540;Herne;Ja;PAJOTTEGEM;VLAAMS-BRABANT
1755;Kester;Ja;PAJOTTEGEM;VLAAMS-BRABANT
1755;Leerbeek;Ja;PAJOTTEGEM;VLAAMS-BRABANT
1755;Oetingen;Ja;PAJOTTEGEM;VLAAMS-BRABANT
1541;Sint-Pieters-Kapelle;Ja;PAJOTTEGEM;VLAAMS-BRABANT
1570;Tollembeek;Ja;PAJOTTEGEM;VLAAMS-BRABANT
1570;Vollezele;Ja;PAJOTTEGEM;VLAAMS-BRABANT
1673;Beert;Ja;PEPINGEN;VLAAMS-BRABANT
1674;Bellingen;Ja;PEPINGEN;VLAAMS-BRABANT
1670;Bogaarden;Ja;PEPINGEN;VLAAMS-BRABANT
1671;Elingen;Ja;PEPINGEN;VLAAMS-BRABANT
1670;Heikruis;Ja;PEPINGEN;VLAAMS-BRABANT
1670;Pepingen;Neen;PEPINGEN;VLAAMS-BRABANT
1761;Borchtlombeek;Ja;ROOSDAAL;VLAAMS-BRABANT
1760;Onze-Lieve-Vrouw-Lombeek;Ja;ROOSDAAL;VLAAMS-BRABANT
1760;Pamel;Ja;ROOSDAAL;VLAAMS-BRABANT
1760;Roosdaal;Neen;ROOSDAAL;VLAAMS-BRABANT
1760;Strijtem;Ja;ROOSDAAL;VLAAMS-BRABANT
3110;Rotselaar;Neen;ROTSELAAR;VLAAMS-BRABANT
3118;Werchter;Ja;ROTSELAAR;VLAAMS-BRABANT
3111;Wezemaal;Ja;ROTSELAAR;VLAAMS-BRABANT
3271;Averbode;Ja;SCHERPENHEUVEL-ZICHEM;VLAAMS-BRABANT
3272;Messelbroek;Ja;SCHERPENHEUVEL-ZICHEM;VLAAMS-BRABANT
3270;Scherpenheuvel;Ja;SCHERPENHEUVEL-ZICHEM;VLAAMS-BRABANT
3272;Testelt;Ja;SCHERPENHEUVEL-ZICHEM;VLAAMS-BRABANT
3271;Zichem;Ja;SCHERPENHEUVEL-ZICHEM;VLAAMS-BRABANT
1640;Sint-Genesius-Rode;Neen;SINT-GENESIUS-RODE;VLAAMS-BRABANT
1600;Oudenaken;Ja;SINT-PIETERS-LEEUW;VLAAMS-BRABANT
1601;Ruisbroek;Ja;SINT-PIETERS-LEEUW;VLAAMS-BRABANT
1600;Sint-Laureins-Berchem;Ja;SINT-PIETERS-LEEUW;VLAAMS-BRABANT
1600;Sint-Pieters-Leeuw;Neen;SINT-PIETERS-LEEUW;VLAAMS-BRABANT
1602;Vlezenbeek;Ja;SINT-PIETERS-LEEUW;VLAAMS-BRABANT
1820;Melsbroek;Ja;STEENOKKERZEEL;VLAAMS-BRABANT
1820;Perk;Ja;STEENOKKERZEEL;VLAAMS-BRABANT
1820;Steenokkerzeel;Neen;STEENOKKERZEEL;VLAAMS-BRABANT
1742;Sint-Katherina-Lombeek;Ja;TERNAT;VLAAMS-BRABANT
1740;Ternat;Neen;TERNAT;VLAAMS-BRABANT
1741;Wambeek;Ja;TERNAT;VLAAMS-BRABANT
3080;Duisburg;Ja;TERVUREN;VLAAMS-BRABANT
3080;Tervuren;Neen;TERVUREN;VLAAMS-BRABANT
3080;Vossem;Ja;TERVUREN;VLAAMS-BRABANT
3390;Houwaart;Ja;TIELT-WINGE;VLAAMS-BRABANT
3391;Meensel-Kiezegem;Ja;TIELT-WINGE;VLAAMS-BRABANT
3390;Sint-Joris-Winge;Ja;TIELT-WINGE;VLAAMS-BRABANT
3390;Tielt;Ja;TIELT-WINGE;VLAAMS-BRABANT
3300;Bost;Ja;TIENEN;VLAAMS-BRABANT
3300;Goetsenhoven;Ja;TIENEN;VLAAMS-BRABANT
3300;Hakendover;Ja;TIENEN;VLAAMS-BRABANT
3300;Kumtich;Ja;TIENEN;VLAAMS-BRABANT
3300;Oorbeek;Ja;TIENEN;VLAAMS-BRABANT
3300;Oplinter;Ja;TIENEN;VLAAMS-BRABANT
3300;Sint-Margriete-Houtem;Ja;TIENEN;VLAAMS-BRABANT
3300;Tienen;Neen;TIENEN;VLAAMS-BRABANT
3300;Vissenaken;Ja;TIENEN;VLAAMS-BRABANT
3128;Baal;Ja;TREMELO;VLAAMS-BRABANT
3120;Tremelo;Neen;TREMELO;VLAAMS-BRABANT
1800;Peutie;Ja;VILVOORDE;VLAAMS-BRABANT
1800;Vilvoorde;Neen;VILVOORDE;VLAAMS-BRABANT
1780;Wemmel;Neen;WEMMEL;VLAAMS-BRABANT
1970;Wezembeek-Oppem;Neen;WEZEMBEEK-OPPEM;VLAAMS-BRABANT
1930;Nossegem;Ja;ZAVENTEM;VLAAMS-BRABANT
1932;Sint-Stevens-Woluwe;Ja;ZAVENTEM;VLAAMS-BRABANT
1933;Sterrebeek;Ja;ZAVENTEM;VLAAMS-BRABANT
1930;Zaventem;Neen;ZAVENTEM;VLAAMS-BRABANT
1982;Elewijt;Ja;ZEMST;VLAAMS-BRABANT
1980;Eppegem;Ja;ZEMST;VLAAMS-BRABANT
1981;Hofstade;Ja;ZEMST;VLAAMS-BRABANT
1982;Weerde;Ja;ZEMST;VLAAMS-BRABANT
1980;Zemst;Neen;ZEMST;VLAAMS-BRABANT
3440;Budingen;Ja;ZOUTLEEUW;VLAAMS-BRABANT
3440;Dormaal;Ja;ZOUTLEEUW;VLAAMS-BRABANT
3440;Halle-Booienhoven;Ja;ZOUTLEEUW;VLAAMS-BRABANT
3440;Helen-Bos;Ja;ZOUTLEEUW;VLAAMS-BRABANT
3440;Zoutleeuw;Neen;ZOUTLEEUW;VLAAMS-BRABANT
8690;Alveringem;Neen;ALVERINGEM;WEST-VLAANDEREN
8691;Beveren-aan-de-IJzer;Ja;ALVERINGEM;WEST-VLAANDEREN
8691;Gijverinkhove;Ja;ALVERINGEM;WEST-VLAANDEREN
8690;Hoogstade;Ja;ALVERINGEM;WEST-VLAANDEREN
8691;Izenberge;Ja;ALVERINGEM;WEST-VLAANDEREN
8691;Leisele;Ja;ALVERINGEM;WEST-VLAANDEREN
8690;Oeren;Ja;ALVERINGEM;WEST-VLAANDEREN
8690;Sint-Rijkers;Ja;ALVERINGEM;WEST-VLAANDEREN
8691;Stavele;Ja;ALVERINGEM;WEST-VLAANDEREN
8570;Anzegem;Neen;ANZEGEM;WEST-VLAANDEREN
8570;Gijzelbrechtegem;Ja;ANZEGEM;WEST-VLAANDEREN
8570;Ingooigem;Ja;ANZEGEM;WEST-VLAANDEREN
8572;Kaster;Ja;ANZEGEM;WEST-VLAANDEREN
8573;Tiegem;Ja;ANZEGEM;WEST-VLAANDEREN
8570;Vichte;Ja;ANZEGEM;WEST-VLAANDEREN
8850;Ardooie;Neen;ARDOOIE;WEST-VLAANDEREN
8851;Koolskamp;Ja;ARDOOIE;WEST-VLAANDEREN
8580;Avelgem;Neen;AVELGEM;WEST-VLAANDEREN
8583;Bossuit;Ja;AVELGEM;WEST-VLAANDEREN
8581;Kerkhove;Ja;AVELGEM;WEST-VLAANDEREN
8582;Outrijve;Ja;AVELGEM;WEST-VLAANDEREN
8581;Waarmaarde;Ja;AVELGEM;WEST-VLAANDEREN
8730;Beernem;Neen;BEERNEM;WEST-VLAANDEREN
8730;Oedelem;Ja;BEERNEM;WEST-VLAANDEREN
8730;Sint-Joris;Ja;BEERNEM;WEST-VLAANDEREN
8370;Blankenberge;Neen;BLANKENBERGE;WEST-VLAANDEREN
8370;Uitkerke;Ja;BLANKENBERGE;WEST-VLAANDEREN
8450;Bredene;Neen;BREDENE;WEST-VLAANDEREN
8310;Assebroek;Ja;BRUGGE;WEST-VLAANDEREN
8000;Brugge;Neen;BRUGGE;WEST-VLAANDEREN
8380;Dudzele;Ja;BRUGGE;WEST-VLAANDEREN
8000;Koolkerke;Ja;BRUGGE;WEST-VLAANDEREN
8380;Lissewege;Ja;BRUGGE;WEST-VLAANDEREN
8200;Sint-Andries;Ja;BRUGGE;WEST-VLAANDEREN
8310;Sint-Kruis;Ja;BRUGGE;WEST-VLAANDEREN
8200;Sint-Michiels;Ja;BRUGGE;WEST-VLAANDEREN
8380;Zeebrugge;Ja;BRUGGE;WEST-VLAANDEREN
8340;Damme;Neen;DAMME;WEST-VLAANDEREN
8340;Hoeke;Ja;DAMME;WEST-VLAANDEREN
8340;Lapscheure;Ja;DAMME;WEST-VLAANDEREN
8340;Moerkerke;Ja;DAMME;WEST-VLAANDEREN
8340;Oostkerke;Ja;DAMME;WEST-VLAANDEREN
8340;Sijsele;Ja;DAMME;WEST-VLAANDEREN
8420;De Haan;Neen;DE HAAN;WEST-VLAANDEREN
8420;Klemskerke;Ja;DE HAAN;WEST-VLAANDEREN
8421;Vlissegem;Ja;DE HAAN;WEST-VLAANDEREN
8420;Wenduine;Ja;DE HAAN;WEST-VLAANDEREN
8660;Adinkerke;Ja;DE PANNE;WEST-VLAANDEREN
8660;De Panne;Neen;DE PANNE;WEST-VLAANDEREN
8540;Deerlijk;Neen;DEERLIJK;WEST-VLAANDEREN
8720;Dentergem;Neen;DENTERGEM;WEST-VLAANDEREN
8720;Markegem;Ja;DENTERGEM;WEST-VLAANDEREN
8720;Oeselgem;Ja;DENTERGEM;WEST-VLAANDEREN
8720;Wakken;Ja;DENTERGEM;WEST-VLAANDEREN
8600;Beerst;Ja;DIKSMUIDE;WEST-VLAANDEREN
8600;Diksmuide;Neen;DIKSMUIDE;WEST-VLAANDEREN
8600;Driekapellen;Ja;DIKSMUIDE;WEST-VLAANDEREN
8600;Esen;Ja;DIKSMUIDE;WEST-VLAANDEREN
8600;Kaaskerke;Ja;DIKSMUIDE;WEST-VLAANDEREN
8600;Keiem;Ja;DIKSMUIDE;WEST-VLAANDEREN
8600;Lampernisse;Ja;DIKSMUIDE;WEST-VLAANDEREN
8600;Leke;Ja;DIKSMUIDE;WEST-VLAANDEREN
8600;Nieuwkapelle;Ja;DIKSMUIDE;WEST-VLAANDEREN
8600;Oostkerke;Ja;DIKSMUIDE;WEST-VLAANDEREN
8600;Oudekapelle;Ja;DIKSMUIDE;WEST-VLAANDEREN
8600;Pervijze;Ja;DIKSMUIDE;WEST-VLAANDEREN
8600;Sint-Jacobs-Kapelle;Ja;DIKSMUIDE;WEST-VLAANDEREN
8600;Stuivekenskerke;Ja;DIKSMUIDE;WEST-VLAANDEREN
8600;Vladslo;Ja;DIKSMUIDE;WEST-VLAANDEREN
8600;Woumen;Ja;DIKSMUIDE;WEST-VLAANDEREN
8470;Gistel;Neen;GISTEL;WEST-VLAANDEREN
8470;Moere;Ja;GISTEL;WEST-VLAANDEREN
8470;Snaaskerke;Ja;GISTEL;WEST-VLAANDEREN
8470;Zevekote;Ja;GISTEL;WEST-VLAANDEREN
8531;Bavikhove;Ja;HARELBEKE;WEST-VLAANDEREN
8530;Harelbeke;Neen;HARELBEKE;WEST-VLAANDEREN
8531;Hulste;Ja;HARELBEKE;WEST-VLAANDEREN
8951;Dranouter;Ja;HEUVELLAND;WEST-VLAANDEREN
8956;Kemmel;Ja;HEUVELLAND;WEST-VLAANDEREN
8958;Loker;Ja;HEUVELLAND;WEST-VLAANDEREN
8950;Nieuwkerke;Ja;HEUVELLAND;WEST-VLAANDEREN
8954;Westouter;Ja;HEUVELLAND;WEST-VLAANDEREN
8953;Wijtschate;Ja;HEUVELLAND;WEST-VLAANDEREN
8952;Wulvergem;Ja;HEUVELLAND;WEST-VLAANDEREN
8830;Gits;Ja;HOOGLEDE;WEST-VLAANDEREN
8830;Hooglede;Neen;HOOGLEDE;WEST-VLAANDEREN
8650;Houthulst;Neen;HOUTHULST;WEST-VLAANDEREN
8650;Klerken;Ja;HOUTHULST;WEST-VLAANDEREN
8650;Merkem;Ja;HOUTHULST;WEST-VLAANDEREN
8480;Bekegem;Ja;ICHTEGEM;WEST-VLAANDEREN
8480;Eernegem;Ja;ICHTEGEM;WEST-VLAANDEREN
8480;Ichtegem;Neen;ICHTEGEM;WEST-VLAANDEREN
8904;Boezinge;Ja;IEPER;WEST-VLAANDEREN
8900;Brielen;Ja;IEPER;WEST-VLAANDEREN
8900;Dikkebus;Ja;IEPER;WEST-VLAANDEREN
8906;Elverdinge;Ja;IEPER;WEST-VLAANDEREN
8902;Hollebeke;Ja;IEPER;WEST-VLAANDEREN
8900;Ieper;Neen;IEPER;WEST-VLAANDEREN
8900;Sint-Jan;Ja;IEPER;WEST-VLAANDEREN
8908;Vlamertinge;Ja;IEPER;WEST-VLAANDEREN
8902;Voormezele;Ja;IEPER;WEST-VLAANDEREN
8902;Zillebeke;Ja;IEPER;WEST-VLAANDEREN
8904;Zuidschote;Ja;IEPER;WEST-VLAANDEREN
8770;Ingelmunster;Neen;INGELMUNSTER;WEST-VLAANDEREN
8870;Emelgem;Ja;IZEGEM;WEST-VLAANDEREN
8870;Izegem;Neen;IZEGEM;WEST-VLAANDEREN
8870;Kachtem;Ja;IZEGEM;WEST-VLAANDEREN
8490;Jabbeke;Neen;JABBEKE;WEST-VLAANDEREN
8490;Snellegem;Ja;JABBEKE;WEST-VLAANDEREN
8490;Stalhille;Ja;JABBEKE;WEST-VLAANDEREN
8490;Varsenare;Ja;JABBEKE;WEST-VLAANDEREN
8490;Zerkegem;Ja;JABBEKE;WEST-VLAANDEREN
8301;Heist-aan-Zee;Ja;KNOKKE-HEIST;WEST-VLAANDEREN
8300;Knokke;Ja;KNOKKE-HEIST;WEST-VLAANDEREN
8301;Ramskapelle;Ja;KNOKKE-HEIST;WEST-VLAANDEREN
8300;Westkapelle;Ja;KNOKKE-HEIST;WEST-VLAANDEREN
8680;Bovekerke;Ja;KOEKELARE;WEST-VLAANDEREN
8680;Koekelare;Neen;KOEKELARE;WEST-VLAANDEREN
8680;Zande;Ja;KOEKELARE;WEST-VLAANDEREN
8670;Koksijde;Neen;KOKSIJDE;WEST-VLAANDEREN
8670;Oostduinkerke;Ja;KOKSIJDE;WEST-VLAANDEREN
8670;Wulpen;Ja;KOKSIJDE;WEST-VLAANDEREN
8610;Handzame;Ja;KORTEMARK;WEST-VLAANDEREN
8610;Kortemark;Neen;KORTEMARK;WEST-VLAANDEREN
8610;Werken;Ja;KORTEMARK;WEST-VLAANDEREN
8610;Zarren;Ja;KORTEMARK;WEST-VLAANDEREN
8511;Aalbeke;Ja;KORTRIJK;WEST-VLAANDEREN
8510;Bellegem;Ja;KORTRIJK;WEST-VLAANDEREN
8501;Bissegem;Ja;KORTRIJK;WEST-VLAANDEREN
8501;Heule;Ja;KORTRIJK;WEST-VLAANDEREN
8510;Kooigem;Ja;KORTRIJK;WEST-VLAANDEREN
8500;Kortrijk;Neen;KORTRIJK;WEST-VLAANDEREN
8510;Marke;Ja;KORTRIJK;WEST-VLAANDEREN
8510;Rollegem;Ja;KORTRIJK;WEST-VLAANDEREN
8520;Kuurne;Neen;KUURNE;WEST-VLAANDEREN
8920;Bikschote;Ja;LANGEMARK-POELKAPELLE;WEST-VLAANDEREN
8920;Langemark;Ja;LANGEMARK-POELKAPELLE;WEST-VLAANDEREN
8920;Poelkapelle;Ja;LANGEMARK-POELKAPELLE;WEST-VLAANDEREN
8880;Ledegem;Neen;LEDEGEM;WEST-VLAANDEREN
8880;Rollegem-Kapelle;Ja;LEDEGEM;WEST-VLAANDEREN
8880;Sint-Eloois-Winkel;Ja;LEDEGEM;WEST-VLAANDEREN
8860;Lendelede;Neen;LENDELEDE;WEST-VLAANDEREN
8810;Lichtervelde;Neen;LICHTERVELDE;WEST-VLAANDEREN
8647;Lo;Ja;LO-RENINGE;WEST-VLAANDEREN
8647;Noordschote;Ja;LO-RENINGE;WEST-VLAANDEREN
8647;Pollinkhove;Ja;LO-RENINGE;WEST-VLAANDEREN
8647;Reninge;Ja;LO-RENINGE;WEST-VLAANDEREN
8930;Lauwe;Ja;MENEN;WEST-VLAANDEREN
8930;Menen;Neen;MENEN;WEST-VLAANDEREN
8930;Rekkem;Ja;MENEN;WEST-VLAANDEREN
8957;Mesen;Neen;MESEN;WEST-VLAANDEREN
8432;Leffinge;Ja;MIDDELKERKE;WEST-VLAANDEREN
8434;Lombardsijde;Ja;MIDDELKERKE;WEST-VLAANDEREN
8433;Mannekensvere;Ja;MIDDELKERKE;WEST-VLAANDEREN
8430;Middelkerke;Neen;MIDDELKERKE;WEST-VLAANDEREN
8433;Schore;Ja;MIDDELKERKE;WEST-VLAANDEREN
8433;Sint-Pieters-Kapelle;Ja;MIDDELKERKE;WEST-VLAANDEREN
8433;Slijpe;Ja;MIDDELKERKE;WEST-VLAANDEREN
8434;Westende;Ja;MIDDELKERKE;WEST-VLAANDEREN
8431;Wilskerke;Ja;MIDDELKERKE;WEST-VLAANDEREN
8890;Dadizele;Ja;MOORSLEDE;WEST-VLAANDEREN
8890;Moorslede;Neen;MOORSLEDE;WEST-VLAANDEREN
8620;Nieuwpoort;Neen;NIEUWPOORT;WEST-VLAANDEREN
8620;Ramskapelle;Ja;NIEUWPOORT;WEST-VLAANDEREN
8620;Sint-Joris;Ja;NIEUWPOORT;WEST-VLAANDEREN
8400;Oostende;Neen;OOSTENDE;WEST-VLAANDEREN
8400;Stene;Ja;OOSTENDE;WEST-VLAANDEREN
8400;Zandvoorde;Ja;OOSTENDE;WEST-VLAANDEREN
8020;Hertsberge;Ja;OOSTKAMP;WEST-VLAANDEREN
8020;Oostkamp;Neen;OOSTKAMP;WEST-VLAANDEREN
8020;Ruddervoorde;Ja;OOSTKAMP;WEST-VLAANDEREN
8020;Waardamme;Ja;OOSTKAMP;WEST-VLAANDEREN
8780;Oostrozebeke;Neen;OOSTROZEBEKE;WEST-VLAANDEREN
8460;Ettelgem;Ja;OUDENBURG;WEST-VLAANDEREN
8460;Oudenburg;Neen;OUDENBURG;WEST-VLAANDEREN
8460;Roksem;Ja;OUDENBURG;WEST-VLAANDEREN
8460;Westkerke;Ja;OUDENBURG;WEST-VLAANDEREN
8740;Egem;Ja;PITTEM;WEST-VLAANDEREN
8740;Pittem;Neen;PITTEM;WEST-VLAANDEREN
8972;Krombeke;Ja;POPERINGE;WEST-VLAANDEREN
8970;Poperinge;Neen;POPERINGE;WEST-VLAANDEREN
8972;Proven;Ja;POPERINGE;WEST-VLAANDEREN
8970;Reningelst;Ja;POPERINGE;WEST-VLAANDEREN
8972;Roesbrugge-Haringe;Ja;POPERINGE;WEST-VLAANDEREN
8978;Watou;Ja;POPERINGE;WEST-VLAANDEREN
8800;Beveren;Ja;ROESELARE;WEST-VLAANDEREN
8800;Oekene;Ja;ROESELARE;WEST-VLAANDEREN
8800;Roeselare;Neen;ROESELARE;WEST-VLAANDEREN
8800;Rumbeke;Ja;ROESELARE;WEST-VLAANDEREN
8587;Helkijn;Ja;SPIERE-HELKIJN;WEST-VLAANDEREN
8587;Spiere;Ja;SPIERE-HELKIJN;WEST-VLAANDEREN
8840;Oostnieuwkerke;Ja;STADEN;WEST-VLAANDEREN
8840;Staden;Neen;STADEN;WEST-VLAANDEREN
8840;Westrozebeke;Ja;STADEN;WEST-VLAANDEREN
8700;Aarsele;Ja;TIELT;WEST-VLAANDEREN
8700;Kanegem;Ja;TIELT;WEST-VLAANDEREN
8760;Meulebeke;Ja;TIELT;WEST-VLAANDEREN
8700;Schuiferskapelle;Ja;TIELT;WEST-VLAANDEREN
8700;Tielt;Neen;TIELT;WEST-VLAANDEREN
8820;Torhout;Neen;TORHOUT;WEST-VLAANDEREN
8630;Avekapelle;Ja;VEURNE;WEST-VLAANDEREN
8630;Booitshoeke;Ja;VEURNE;WEST-VLAANDEREN
8630;Bulskamp;Ja;VEURNE;WEST-VLAANDEREN
8630;De Moeren;Ja;VEURNE;WEST-VLAANDEREN
8630;Eggewaartskapelle;Ja;VEURNE;WEST-VLAANDEREN
8630;Houtem;Ja;VEURNE;WEST-VLAANDEREN
8630;Steenkerke;Ja;VEURNE;WEST-VLAANDEREN
8630;Veurne;Neen;VEURNE;WEST-VLAANDEREN
8630;Vinkem;Ja;VEURNE;WEST-VLAANDEREN
8630;Wulveringem;Ja;VEURNE;WEST-VLAANDEREN
8630;Zoutenaaie;Ja;VEURNE;WEST-VLAANDEREN
8640;Oostvleteren;Ja;VLETEREN;WEST-VLAANDEREN
8640;Westvleteren;Ja;VLETEREN;WEST-VLAANDEREN
8640;Woesten;Ja;VLETEREN;WEST-VLAANDEREN
8791;Beveren;Ja;WAREGEM;WEST-VLAANDEREN
8792;Desselgem;Ja;WAREGEM;WEST-VLAANDEREN
8793;Sint-Eloois-Vijve;Ja;WAREGEM;WEST-VLAANDEREN
8790;Waregem;Neen;WAREGEM;WEST-VLAANDEREN
8940;Geluwe;Ja;WERVIK;WEST-VLAANDEREN
8940;Wervik;Neen;WERVIK;WEST-VLAANDEREN
8560;Gullegem;Ja;WEVELGEM;WEST-VLAANDEREN
8560;Moorsele;Ja;WEVELGEM;WEST-VLAANDEREN
8560;Wevelgem;Neen;WEVELGEM;WEST-VLAANDEREN
8710;Ooigem;Ja;WIELSBEKE;WEST-VLAANDEREN
8710;Sint-Baafs-Vijve;Ja;WIELSBEKE;WEST-VLAANDEREN
8710;Wielsbeke;Neen;WIELSBEKE;WEST-VLAANDEREN
8755;Ruiselede;Ja;WINGENE;WEST-VLAANDEREN
8750;Wingene;Neen;WINGENE;WEST-VLAANDEREN
8750;Zwevezele;Ja;WINGENE;WEST-VLAANDEREN
8211;Aartrijke;Ja;ZEDELGEM;WEST-VLAANDEREN
8210;Loppem;Ja;ZEDELGEM;WEST-VLAANDEREN
8210;Veldegem;Ja;ZEDELGEM;WEST-VLAANDEREN
8210;Zedelgem;Neen;ZEDELGEM;WEST-VLAANDEREN
8980;Beselare;Ja;ZONNEBEKE;WEST-VLAANDEREN
8980;Geluveld;Ja;ZONNEBEKE;WEST-VLAANDEREN
8980;Passendale;Ja;ZONNEBEKE;WEST-VLAANDEREN
8980;Zandvoorde;Ja;ZONNEBEKE;WEST-VLAANDEREN
8980;Zonnebeke;Neen;ZONNEBEKE;WEST-VLAANDEREN
8377;Houtave;Ja;ZUIENKERKE;WEST-VLAANDEREN
8377;Meetkerke;Ja;ZUIENKERKE;WEST-VLAANDEREN
8377;Nieuwmunster;Ja;ZUIENKERKE;WEST-VLAANDEREN
8377;Zuienkerke;Neen;ZUIENKERKE;WEST-VLAANDEREN
8551;Heestert;Ja;ZWEVEGEM;WEST-VLAANDEREN
8552;Moen;Ja;ZWEVEGEM;WEST-VLAANDEREN
8553;Otegem;Ja;ZWEVEGEM;WEST-VLAANDEREN
8554;Sint-Denijs;Ja;ZWEVEGEM;WEST-VLAANDEREN
8550;Zwevegem;Neen;ZWEVEGEM;WEST-VLAANDEREN
;;;;
;;;;
;;;;
;;;;
;;;;
;;;;
;;;;
;;;;
;;;;
;;;;
;;;;
;;;;
;;;;
;;;;
;;;;
;;;;
;;;;
;;;;
;;;;
;;;;
;;;;
;;;;
;;;;
;;;;
;;;;
;;;;
;;;;
;;;;
;;;;
;;;;
;;;;
;;;;
;;;;
;;;;
;;;;
;;;;
;;;;
;;;;
;;;;
;;;;
;;;;
;;;;
;;;;
;;;;
